-- phpMyAdmin SQL Dump
-- version 5.2.2
-- https://www.phpmyadmin.net/
--
-- Host: localhost:3306
-- Generation Time: Jul 02, 2025 at 11:42 AM
-- Server version: 10.11.13-MariaDB-cll-lve
-- PHP Version: 8.3.22

SET SQL_MODE = "NO_AUTO_VALUE_ON_ZERO";
START TRANSACTION;
SET time_zone = "+00:00";


/*!40101 SET @OLD_CHARACTER_SET_CLIENT=@@CHARACTER_SET_CLIENT */;
/*!40101 SET @OLD_CHARACTER_SET_RESULTS=@@CHARACTER_SET_RESULTS */;
/*!40101 SET @OLD_COLLATION_CONNECTION=@@COLLATION_CONNECTION */;
/*!40101 SET NAMES utf8mb4 */;

--
-- Database: `n1601716_spk`
--

-- --------------------------------------------------------

--
-- Table structure for table `kriteria`
--

CREATE TABLE `kriteria` (
  `id` int(11) NOT NULL,
  `nama` text DEFAULT NULL,
  `created_at` datetime DEFAULT current_timestamp(),
  `updated_at` datetime DEFAULT current_timestamp(),
  `kode` varchar(255) NOT NULL,
  `bobot_roc` float DEFAULT 0,
  `ranking` int(11) DEFAULT 1
) ENGINE=InnoDB DEFAULT CHARSET=utf8mb4 COLLATE=utf8mb4_general_ci;

--
-- Dumping data for table `kriteria`
--

INSERT INTO `kriteria` (`id`, `nama`, `created_at`, `updated_at`, `kode`, `bobot_roc`, `ranking`) VALUES
(24, 'Lokasi Industri ', '2025-04-23 06:23:44', '2025-04-23 06:23:44', 'C1', 0.4567, 1),
(26, 'Finansial Orang Tua Siswa', '2025-04-23 06:24:28', '2025-04-23 06:24:43', 'C3', 0.1567, 3),
(27, 'Nilai Sikap Siswa', '2025-04-23 06:24:58', '2025-04-23 06:24:58', 'C4', 0.09, 4),
(28, 'Kerjasama Tim/Individu', '2025-04-23 06:25:22', '2025-04-23 06:25:22', 'C5', 0.04, 5),
(29, 'Nilai Akademik Siswa', '2025-06-23 21:29:18', '2025-06-23 21:29:18', 'C2', 0.2567, 2);

-- --------------------------------------------------------

--
-- Table structure for table `nilai_kriteria`
--

CREATE TABLE `nilai_kriteria` (
  `id` int(11) NOT NULL,
  `id_siswa` int(11) NOT NULL,
  `id_kriteria` int(11) NOT NULL,
  `nilai` float NOT NULL
) ENGINE=InnoDB DEFAULT CHARSET=latin1 COLLATE=latin1_swedish_ci;

--
-- Dumping data for table `nilai_kriteria`
--

INSERT INTO `nilai_kriteria` (`id`, `id_siswa`, `id_kriteria`, `nilai`) VALUES
(1055, 4, 24, 50),
(1056, 4, 26, 80),
(1057, 4, 27, 95),
(1058, 4, 28, 60),
(1059, 13, 24, 65),
(1060, 13, 26, 65),
(1061, 13, 27, 90),
(1062, 13, 28, 80),
(1063, 21, 24, 12),
(1064, 21, 26, 0),
(1065, 21, 27, 0),
(1066, 21, 28, 0),
(1067, 22, 24, 0),
(1068, 22, 26, 0),
(1069, 22, 27, 0),
(1070, 22, 28, 0),
(1071, 23, 24, 0),
(1072, 23, 26, 0),
(1073, 23, 27, 0),
(1074, 23, 28, 0),
(1075, 24, 24, 0),
(1076, 24, 26, 0),
(1077, 24, 27, 0),
(1078, 24, 28, 0),
(1079, 25, 24, 0),
(1080, 25, 26, 0),
(1081, 25, 27, 0),
(1082, 25, 28, 0),
(1083, 26, 24, 0),
(1084, 26, 26, 0),
(1085, 26, 27, 0),
(1086, 26, 28, 0),
(1087, 27, 24, 0),
(1088, 27, 26, 0),
(1089, 27, 27, 0),
(1090, 27, 28, 0),
(1091, 28, 24, 0),
(1092, 28, 26, 0),
(1093, 28, 27, 0),
(1094, 28, 28, 0),
(1095, 29, 24, 0),
(1096, 29, 26, 0),
(1097, 29, 27, 0),
(1098, 29, 28, 0),
(1099, 30, 24, 0),
(1100, 30, 26, 0),
(1101, 30, 27, 0),
(1102, 30, 28, 0),
(1103, 31, 24, 0),
(1104, 31, 26, 0),
(1105, 31, 27, 0),
(1106, 31, 28, 0),
(1107, 32, 24, 0),
(1108, 32, 26, 0),
(1109, 32, 27, 0),
(1110, 32, 28, 0),
(1111, 33, 24, 0),
(1112, 33, 26, 0),
(1113, 33, 27, 0),
(1114, 33, 28, 0),
(1115, 34, 24, 0),
(1116, 34, 26, 0),
(1117, 34, 27, 0),
(1118, 34, 28, 0),
(1119, 35, 24, 0),
(1120, 35, 26, 0),
(1121, 35, 27, 0),
(1122, 35, 28, 0),
(1123, 36, 24, 0),
(1124, 36, 26, 0),
(1125, 36, 27, 0),
(1126, 36, 28, 0),
(1127, 37, 24, 0),
(1128, 37, 26, 0),
(1129, 37, 27, 0),
(1130, 37, 28, 0),
(1131, 38, 24, 0),
(1132, 38, 26, 0),
(1133, 38, 27, 0),
(1134, 38, 28, 0),
(1135, 39, 24, 0),
(1136, 39, 26, 0),
(1137, 39, 27, 0),
(1138, 39, 28, 0),
(1139, 6, 24, 70),
(1140, 6, 26, 80),
(1141, 6, 27, 80),
(1142, 6, 28, 90),
(1143, 40, 24, 0),
(1144, 40, 26, 0),
(1145, 40, 27, 0),
(1146, 40, 28, 0),
(1147, 41, 24, 0),
(1148, 41, 26, 0),
(1149, 41, 27, 0),
(1150, 41, 28, 0),
(1151, 42, 24, 0),
(1152, 42, 26, 0),
(1153, 42, 27, 0),
(1154, 42, 28, 0),
(1155, 43, 24, 0),
(1156, 43, 26, 0),
(1157, 43, 27, 0),
(1158, 43, 28, 0),
(1159, 44, 24, 0),
(1160, 44, 26, 0),
(1161, 44, 27, 0),
(1162, 44, 28, 0),
(1163, 46, 24, 0),
(1164, 46, 26, 0),
(1165, 46, 27, 0),
(1166, 46, 28, 0),
(1167, 47, 24, 0),
(1168, 47, 26, 0),
(1169, 47, 27, 0),
(1170, 47, 28, 0),
(1171, 48, 24, 0),
(1172, 48, 26, 0),
(1173, 48, 27, 0),
(1174, 48, 28, 0),
(1175, 49, 24, 0),
(1176, 49, 26, 0),
(1177, 49, 27, 0),
(1178, 49, 28, 0),
(1179, 50, 24, 0),
(1180, 50, 26, 0),
(1181, 50, 27, 0),
(1182, 50, 28, 0),
(1183, 7, 24, 75),
(1184, 7, 26, 70),
(1185, 7, 27, 90),
(1186, 7, 28, 80),
(1187, 51, 24, 0),
(1188, 51, 26, 0),
(1189, 51, 27, 0),
(1190, 51, 28, 0),
(1191, 52, 24, 0),
(1192, 52, 26, 0),
(1193, 52, 27, 0),
(1194, 52, 28, 0),
(1195, 8, 24, 75),
(1196, 8, 26, 80),
(1197, 8, 27, 70),
(1198, 8, 28, 75),
(1199, 9, 24, 80),
(1200, 9, 26, 55),
(1201, 9, 27, 75),
(1202, 9, 28, 70),
(1203, 10, 24, 70),
(1204, 10, 26, 70),
(1205, 10, 27, 65),
(1206, 10, 28, 80),
(1207, 11, 24, 80),
(1208, 11, 26, 70),
(1209, 11, 27, 60),
(1210, 11, 28, 70),
(1211, 4, 26, 80),
(1212, 4, 27, 95),
(1213, 4, 28, 60),
(1214, 6, 24, 70),
(1215, 6, 26, 80),
(1216, 6, 27, 80),
(1217, 6, 28, 90),
(1218, 7, 24, 75),
(1219, 7, 26, 70),
(1220, 7, 27, 90),
(1221, 7, 28, 80),
(1222, 8, 24, 75),
(1223, 8, 26, 80),
(1224, 8, 27, 70),
(1225, 8, 28, 75),
(1226, 9, 24, 80),
(1227, 9, 26, 55),
(1228, 9, 27, 75),
(1229, 9, 28, 70),
(1230, 10, 24, 70),
(1231, 10, 26, 70),
(1232, 10, 27, 65),
(1233, 10, 28, 80),
(1234, 11, 24, 80),
(1235, 11, 26, 70),
(1236, 11, 27, 60),
(1237, 11, 28, 70),
(1238, 13, 24, 65),
(1239, 13, 26, 65),
(1240, 13, 27, 90),
(1241, 13, 28, 80),
(1242, 21, 24, 12),
(1243, 21, 26, 0),
(1244, 21, 27, 0),
(1245, 21, 28, 0),
(1246, 22, 24, 0),
(1247, 22, 26, 0),
(1248, 22, 27, 0),
(1249, 22, 28, 0),
(1250, 23, 24, 0),
(1251, 23, 26, 0),
(1252, 23, 27, 0),
(1253, 23, 28, 0),
(1254, 24, 24, 0),
(1255, 24, 26, 0),
(1256, 24, 27, 0),
(1257, 24, 28, 0),
(1258, 25, 24, 0),
(1259, 25, 26, 0),
(1260, 25, 27, 0),
(1261, 25, 28, 0),
(1262, 26, 24, 0),
(1263, 26, 26, 0),
(1264, 26, 27, 0),
(1265, 26, 28, 0),
(1266, 27, 24, 0),
(1267, 27, 26, 0),
(1268, 27, 27, 0),
(1269, 27, 28, 0),
(1270, 28, 24, 0),
(1271, 28, 26, 0),
(1272, 28, 27, 0),
(1273, 28, 28, 0),
(1274, 29, 24, 0),
(1275, 29, 26, 0),
(1276, 29, 27, 0),
(1277, 29, 28, 0),
(1278, 30, 24, 0),
(1279, 30, 26, 0),
(1280, 30, 27, 0),
(1281, 30, 28, 0),
(1282, 31, 24, 0),
(1283, 31, 26, 0),
(1284, 31, 27, 0),
(1285, 31, 28, 0),
(1286, 32, 24, 0),
(1287, 32, 26, 0),
(1288, 32, 27, 0),
(1289, 32, 28, 0),
(1290, 33, 24, 0),
(1291, 33, 26, 0),
(1292, 33, 27, 0),
(1293, 33, 28, 0),
(1294, 34, 24, 0),
(1295, 34, 26, 0),
(1296, 34, 27, 0),
(1297, 34, 28, 0),
(1298, 35, 24, 0),
(1299, 35, 26, 0),
(1300, 35, 27, 0),
(1301, 35, 28, 0),
(1302, 36, 24, 0),
(1303, 36, 26, 0),
(1304, 36, 27, 0),
(1305, 36, 28, 0),
(1306, 37, 24, 0),
(1307, 37, 26, 0),
(1308, 37, 27, 0),
(1309, 37, 28, 0),
(1310, 38, 24, 0),
(1311, 38, 26, 0),
(1312, 38, 27, 0),
(1313, 38, 28, 0),
(1314, 39, 24, 0),
(1315, 39, 26, 0),
(1316, 39, 27, 0),
(1317, 39, 28, 0),
(1318, 40, 24, 0),
(1319, 40, 26, 0),
(1320, 40, 27, 0),
(1321, 40, 28, 0),
(1322, 41, 24, 0),
(1323, 41, 26, 0),
(1324, 41, 27, 0),
(1325, 41, 28, 0),
(1326, 42, 24, 0),
(1327, 42, 26, 0),
(1328, 42, 27, 0),
(1329, 42, 28, 0),
(1330, 43, 24, 0),
(1331, 43, 26, 0),
(1332, 43, 27, 0),
(1333, 43, 28, 0),
(1334, 44, 24, 0),
(1335, 44, 26, 0),
(1336, 44, 27, 0),
(1337, 44, 28, 0),
(1338, 46, 24, 0),
(1339, 46, 26, 0),
(1340, 46, 27, 0),
(1341, 46, 28, 0),
(1342, 47, 24, 0),
(1343, 47, 26, 0),
(1344, 47, 27, 0),
(1345, 47, 28, 0),
(1346, 48, 24, 0),
(1347, 48, 26, 0),
(1348, 48, 27, 0),
(1349, 48, 28, 0),
(1350, 49, 24, 0),
(1351, 49, 26, 0),
(1352, 49, 27, 0),
(1353, 49, 28, 0),
(1354, 50, 24, 0),
(1355, 50, 26, 0),
(1356, 50, 27, 0),
(1357, 50, 28, 0),
(1358, 51, 24, 0),
(1359, 51, 26, 0),
(1360, 51, 27, 0),
(1361, 51, 28, 0),
(1362, 52, 24, 0),
(1363, 52, 26, 0),
(1364, 52, 27, 0),
(1365, 52, 28, 0),
(1366, 4, 24, 60),
(1367, 4, 26, 80),
(1368, 4, 27, 95),
(1369, 4, 28, 60),
(1370, 6, 24, 70),
(1371, 6, 26, 80),
(1372, 6, 27, 80),
(1373, 6, 28, 90),
(1374, 7, 24, 75),
(1375, 7, 26, 70),
(1376, 7, 27, 90),
(1377, 7, 28, 80),
(1378, 8, 24, 75),
(1379, 8, 26, 80),
(1380, 8, 27, 70),
(1381, 8, 28, 75),
(1382, 9, 24, 80),
(1383, 9, 26, 55),
(1384, 9, 27, 75),
(1385, 9, 28, 70),
(1386, 10, 24, 70),
(1387, 10, 26, 70),
(1388, 10, 27, 65),
(1389, 10, 28, 80),
(1390, 11, 24, 80),
(1391, 11, 26, 70),
(1392, 11, 27, 60),
(1393, 11, 28, 70),
(1394, 13, 24, 65),
(1395, 13, 26, 65),
(1396, 13, 27, 90),
(1397, 13, 28, 80),
(1398, 21, 24, 12),
(1399, 21, 26, 0),
(1400, 21, 27, 0),
(1401, 21, 28, 0),
(1402, 22, 24, 0),
(1403, 22, 26, 0),
(1404, 22, 27, 0),
(1405, 22, 28, 0),
(1406, 23, 24, 0),
(1407, 23, 26, 0),
(1408, 23, 27, 0),
(1409, 23, 28, 0),
(1410, 24, 24, 0),
(1411, 24, 26, 0),
(1412, 24, 27, 0),
(1413, 24, 28, 0),
(1414, 25, 24, 0),
(1415, 25, 26, 0),
(1416, 25, 27, 0),
(1417, 25, 28, 0),
(1418, 26, 24, 0),
(1419, 26, 26, 0),
(1420, 26, 27, 0),
(1421, 26, 28, 0),
(1422, 27, 24, 0),
(1423, 27, 26, 0),
(1424, 27, 27, 0),
(1425, 27, 28, 0),
(1426, 28, 24, 0),
(1427, 28, 26, 0),
(1428, 28, 27, 0),
(1429, 28, 28, 0),
(1430, 29, 24, 0),
(1431, 29, 26, 0),
(1432, 29, 27, 0),
(1433, 29, 28, 0),
(1434, 30, 24, 0),
(1435, 30, 26, 0),
(1436, 30, 27, 0),
(1437, 30, 28, 0),
(1438, 31, 24, 0),
(1439, 31, 26, 0),
(1440, 31, 27, 0),
(1441, 31, 28, 0),
(1442, 32, 24, 0),
(1443, 32, 26, 0),
(1444, 32, 27, 0),
(1445, 32, 28, 0),
(1446, 33, 24, 0),
(1447, 33, 26, 0),
(1448, 33, 27, 0),
(1449, 33, 28, 0),
(1450, 34, 24, 0),
(1451, 34, 26, 0),
(1452, 34, 27, 0),
(1453, 34, 28, 0),
(1454, 35, 24, 0),
(1455, 35, 26, 0),
(1456, 35, 27, 0),
(1457, 35, 28, 0),
(1458, 36, 24, 0),
(1459, 36, 26, 0),
(1460, 36, 27, 0),
(1461, 36, 28, 0),
(1462, 37, 24, 0),
(1463, 37, 26, 0),
(1464, 37, 27, 0),
(1465, 37, 28, 0),
(1466, 38, 24, 0),
(1467, 38, 26, 0),
(1468, 38, 27, 0),
(1469, 38, 28, 0),
(1470, 39, 24, 0),
(1471, 39, 26, 0),
(1472, 39, 27, 0),
(1473, 39, 28, 0),
(1474, 40, 24, 0),
(1475, 40, 26, 0),
(1476, 40, 27, 0),
(1477, 40, 28, 0),
(1478, 41, 24, 0),
(1479, 41, 26, 0),
(1480, 41, 27, 0),
(1481, 41, 28, 0),
(1482, 42, 24, 0),
(1483, 42, 26, 0),
(1484, 42, 27, 0),
(1485, 42, 28, 0),
(1486, 43, 24, 0),
(1487, 43, 26, 0),
(1488, 43, 27, 0),
(1489, 43, 28, 0),
(1490, 44, 24, 0),
(1491, 44, 26, 0),
(1492, 44, 27, 0),
(1493, 44, 28, 0),
(1494, 46, 24, 0),
(1495, 46, 26, 0),
(1496, 46, 27, 0),
(1497, 46, 28, 0),
(1498, 47, 24, 0),
(1499, 47, 26, 0),
(1500, 47, 27, 0),
(1501, 47, 28, 0),
(1502, 48, 24, 0),
(1503, 48, 26, 0),
(1504, 48, 27, 0),
(1505, 48, 28, 0),
(1506, 49, 24, 0),
(1507, 49, 26, 0),
(1508, 49, 27, 0),
(1509, 49, 28, 0),
(1510, 50, 24, 0),
(1511, 50, 26, 0),
(1512, 50, 27, 0),
(1513, 50, 28, 0),
(1514, 51, 24, 0),
(1515, 51, 26, 0),
(1516, 51, 27, 0),
(1517, 51, 28, 0),
(1518, 52, 24, 0),
(1519, 52, 26, 0),
(1520, 52, 27, 0),
(1521, 52, 28, 0),
(1522, 4, 24, 50),
(1523, 4, 26, 80),
(1524, 4, 27, 95),
(1525, 4, 28, 60),
(1526, 6, 24, 70),
(1527, 6, 26, 80),
(1528, 6, 27, 80),
(1529, 6, 28, 90),
(1530, 7, 24, 75),
(1531, 7, 26, 70),
(1532, 7, 27, 90),
(1533, 7, 28, 80),
(1534, 8, 24, 75),
(1535, 8, 26, 80),
(1536, 8, 27, 70),
(1537, 8, 28, 75),
(1538, 9, 24, 80),
(1539, 9, 26, 55),
(1540, 9, 27, 75),
(1541, 9, 28, 70),
(1542, 10, 24, 70),
(1543, 10, 26, 70),
(1544, 10, 27, 65),
(1545, 10, 28, 80),
(1546, 11, 24, 80),
(1547, 11, 26, 70),
(1548, 11, 27, 60),
(1549, 11, 28, 70),
(1550, 13, 24, 65),
(1551, 13, 26, 65),
(1552, 13, 27, 90),
(1553, 13, 28, 80),
(1554, 21, 24, 12),
(1555, 21, 26, 0),
(1556, 21, 27, 0),
(1557, 21, 28, 0),
(1558, 22, 24, 0),
(1559, 22, 26, 0),
(1560, 22, 27, 0),
(1561, 22, 28, 0),
(1562, 23, 24, 0),
(1563, 23, 26, 0),
(1564, 23, 27, 0),
(1565, 23, 28, 0),
(1566, 24, 24, 0),
(1567, 24, 26, 0),
(1568, 24, 27, 0),
(1569, 24, 28, 0),
(1570, 25, 24, 0),
(1571, 25, 26, 0),
(1572, 25, 27, 0),
(1573, 25, 28, 0),
(1574, 26, 24, 0),
(1575, 26, 26, 0),
(1576, 26, 27, 0),
(1577, 26, 28, 0),
(1578, 27, 24, 0),
(1579, 27, 26, 0),
(1580, 27, 27, 0),
(1581, 27, 28, 0),
(1582, 28, 24, 0),
(1583, 28, 26, 0),
(1584, 28, 27, 0),
(1585, 28, 28, 0),
(1586, 29, 24, 0),
(1587, 29, 26, 0),
(1588, 29, 27, 0),
(1589, 29, 28, 0),
(1590, 30, 24, 0),
(1591, 30, 26, 0),
(1592, 30, 27, 0),
(1593, 30, 28, 0),
(1594, 31, 24, 0),
(1595, 31, 26, 0),
(1596, 31, 27, 0),
(1597, 31, 28, 0),
(1598, 32, 24, 0),
(1599, 32, 26, 0),
(1600, 32, 27, 0),
(1601, 32, 28, 0),
(1602, 33, 24, 0),
(1603, 33, 26, 0),
(1604, 33, 27, 0),
(1605, 33, 28, 0),
(1606, 34, 24, 0),
(1607, 34, 26, 0),
(1608, 34, 27, 0),
(1609, 34, 28, 0),
(1610, 35, 24, 0),
(1611, 35, 26, 0),
(1612, 35, 27, 0),
(1613, 35, 28, 0),
(1614, 36, 24, 0),
(1615, 36, 26, 0),
(1616, 36, 27, 0),
(1617, 36, 28, 0),
(1618, 37, 24, 0),
(1619, 37, 26, 0),
(1620, 37, 27, 0),
(1621, 37, 28, 0),
(1622, 38, 24, 0),
(1623, 38, 26, 0),
(1624, 38, 27, 0),
(1625, 38, 28, 0),
(1626, 39, 24, 0),
(1627, 39, 26, 0),
(1628, 39, 27, 0),
(1629, 39, 28, 0),
(1630, 40, 24, 0),
(1631, 40, 26, 0),
(1632, 40, 27, 0),
(1633, 40, 28, 0),
(1634, 41, 24, 0),
(1635, 41, 26, 0),
(1636, 41, 27, 0),
(1637, 41, 28, 0),
(1638, 42, 24, 0),
(1639, 42, 26, 0),
(1640, 42, 27, 0),
(1641, 42, 28, 0),
(1642, 43, 24, 0),
(1643, 43, 26, 0),
(1644, 43, 27, 0),
(1645, 43, 28, 0),
(1646, 44, 24, 0),
(1647, 44, 26, 0),
(1648, 44, 27, 0),
(1649, 44, 28, 0),
(1650, 46, 24, 0),
(1651, 46, 26, 0),
(1652, 46, 27, 0),
(1653, 46, 28, 0),
(1654, 47, 24, 0),
(1655, 47, 26, 0),
(1656, 47, 27, 0),
(1657, 47, 28, 0),
(1658, 48, 24, 0),
(1659, 48, 26, 0),
(1660, 48, 27, 0),
(1661, 48, 28, 0),
(1662, 49, 24, 0),
(1663, 49, 26, 0),
(1664, 49, 27, 0),
(1665, 49, 28, 0),
(1666, 50, 24, 0),
(1667, 50, 26, 0),
(1668, 50, 27, 0),
(1669, 50, 28, 0),
(1670, 51, 24, 0),
(1671, 51, 26, 0),
(1672, 51, 27, 0),
(1673, 51, 28, 0),
(1674, 52, 24, 0),
(1675, 52, 26, 0),
(1676, 52, 27, 0),
(1677, 52, 28, 0),
(1678, 4, 24, 50),
(1679, 4, 26, 80),
(1680, 4, 27, 95),
(1681, 4, 28, 60),
(1682, 6, 24, 70),
(1683, 6, 26, 80),
(1684, 6, 27, 80),
(1685, 6, 28, 90),
(1686, 7, 24, 75),
(1687, 7, 26, 70),
(1688, 7, 27, 90),
(1689, 7, 28, 80),
(1690, 8, 24, 75),
(1691, 8, 26, 80),
(1692, 8, 27, 70),
(1693, 8, 28, 75),
(1694, 9, 24, 80),
(1695, 9, 26, 55),
(1696, 9, 27, 75),
(1697, 9, 28, 70),
(1698, 10, 24, 70),
(1699, 10, 26, 70),
(1700, 10, 27, 65),
(1701, 10, 28, 80),
(1702, 11, 24, 80),
(1703, 11, 26, 70),
(1704, 11, 27, 60),
(1705, 11, 28, 70),
(1706, 13, 24, 65),
(1707, 13, 26, 65),
(1708, 13, 27, 90),
(1709, 13, 28, 80),
(1710, 21, 24, 12),
(1711, 21, 26, 0),
(1712, 21, 27, 0),
(1713, 21, 28, 0),
(1714, 22, 24, 0),
(1715, 22, 26, 0),
(1716, 22, 27, 0),
(1717, 22, 28, 0),
(1718, 23, 24, 0),
(1719, 23, 26, 0),
(1720, 23, 27, 0),
(1721, 23, 28, 0),
(1722, 24, 24, 0),
(1723, 24, 26, 0),
(1724, 24, 27, 0),
(1725, 24, 28, 0),
(1726, 25, 24, 0),
(1727, 25, 26, 0),
(1728, 25, 27, 0),
(1729, 25, 28, 0),
(1730, 26, 24, 0),
(1731, 26, 26, 0),
(1732, 26, 27, 0),
(1733, 26, 28, 0),
(1734, 27, 24, 0),
(1735, 27, 26, 0),
(1736, 27, 27, 0),
(1737, 27, 28, 0),
(1738, 28, 24, 0),
(1739, 28, 26, 0),
(1740, 28, 27, 0),
(1741, 28, 28, 0),
(1742, 29, 24, 0),
(1743, 29, 26, 0),
(1744, 29, 27, 0),
(1745, 29, 28, 0),
(1746, 30, 24, 0),
(1747, 30, 26, 0),
(1748, 30, 27, 0),
(1749, 30, 28, 0),
(1750, 31, 24, 0),
(1751, 31, 26, 0),
(1752, 31, 27, 0),
(1753, 31, 28, 0),
(1754, 32, 24, 0),
(1755, 32, 26, 0),
(1756, 32, 27, 0),
(1757, 32, 28, 0),
(1758, 33, 24, 0),
(1759, 33, 26, 0),
(1760, 33, 27, 0),
(1761, 33, 28, 0),
(1762, 34, 24, 0),
(1763, 34, 26, 0),
(1764, 34, 27, 0),
(1765, 34, 28, 0),
(1766, 35, 24, 0),
(1767, 35, 26, 0),
(1768, 35, 27, 0),
(1769, 35, 28, 0),
(1770, 36, 24, 0),
(1771, 36, 26, 0),
(1772, 36, 27, 0),
(1773, 36, 28, 0),
(1774, 37, 24, 0),
(1775, 37, 26, 0),
(1776, 37, 27, 0),
(1777, 37, 28, 0),
(1778, 38, 24, 0),
(1779, 38, 26, 0),
(1780, 38, 27, 0),
(1781, 38, 28, 0),
(1782, 39, 24, 0),
(1783, 39, 26, 0),
(1784, 39, 27, 0),
(1785, 39, 28, 0),
(1786, 40, 24, 0),
(1787, 40, 26, 0),
(1788, 40, 27, 0),
(1789, 40, 28, 0),
(1790, 41, 24, 0),
(1791, 41, 26, 0),
(1792, 41, 27, 0),
(1793, 41, 28, 0),
(1794, 42, 24, 0),
(1795, 42, 26, 0),
(1796, 42, 27, 0),
(1797, 42, 28, 0),
(1798, 43, 24, 0),
(1799, 43, 26, 0),
(1800, 43, 27, 0),
(1801, 43, 28, 0),
(1802, 44, 24, 0),
(1803, 44, 26, 0),
(1804, 44, 27, 0),
(1805, 44, 28, 0),
(1806, 46, 24, 0),
(1807, 46, 26, 0),
(1808, 46, 27, 0),
(1809, 46, 28, 0),
(1810, 47, 24, 0),
(1811, 47, 26, 0),
(1812, 47, 27, 0),
(1813, 47, 28, 0),
(1814, 48, 24, 0),
(1815, 48, 26, 0),
(1816, 48, 27, 0),
(1817, 48, 28, 0),
(1818, 49, 24, 0),
(1819, 49, 26, 0),
(1820, 49, 27, 0),
(1821, 49, 28, 0),
(1822, 50, 24, 0),
(1823, 50, 26, 0),
(1824, 50, 27, 0),
(1825, 50, 28, 0),
(1826, 51, 24, 0),
(1827, 51, 26, 0),
(1828, 51, 27, 0),
(1829, 51, 28, 0),
(1830, 52, 24, 0),
(1831, 52, 26, 0),
(1832, 52, 27, 0),
(1833, 52, 28, 0),
(1834, 4, 24, 50),
(1835, 4, 26, 80),
(1836, 4, 27, 95),
(1837, 4, 28, 60),
(1838, 6, 24, 70),
(1839, 6, 26, 80),
(1840, 6, 27, 80),
(1841, 6, 28, 90),
(1842, 7, 24, 75),
(1843, 7, 26, 70),
(1844, 7, 27, 90),
(1845, 7, 28, 80),
(1846, 8, 24, 75),
(1847, 8, 26, 80),
(1848, 8, 27, 70),
(1849, 8, 28, 75),
(1850, 9, 24, 80),
(1851, 9, 26, 55),
(1852, 9, 27, 75),
(1853, 9, 28, 70),
(1854, 10, 24, 70),
(1855, 10, 26, 70),
(1856, 10, 27, 65),
(1857, 10, 28, 80),
(1858, 11, 24, 80),
(1859, 11, 26, 70),
(1860, 11, 27, 60),
(1861, 11, 28, 70),
(1862, 13, 24, 65),
(1863, 13, 26, 65),
(1864, 13, 27, 90),
(1865, 13, 28, 80),
(1866, 21, 24, 12),
(1867, 21, 26, 5),
(1868, 21, 27, 0),
(1869, 21, 28, 0),
(1870, 22, 24, 0),
(1871, 22, 26, 0),
(1872, 22, 27, 0),
(1873, 22, 28, 0),
(1874, 23, 24, 0),
(1875, 23, 26, 0),
(1876, 23, 27, 0),
(1877, 23, 28, 0),
(1878, 24, 24, 0),
(1879, 24, 26, 0),
(1880, 24, 27, 0),
(1881, 24, 28, 0),
(1882, 25, 24, 0),
(1883, 25, 26, 0),
(1884, 25, 27, 0),
(1885, 25, 28, 0),
(1886, 26, 24, 0),
(1887, 26, 26, 0),
(1888, 26, 27, 0),
(1889, 26, 28, 0),
(1890, 27, 24, 0),
(1891, 27, 26, 0),
(1892, 27, 27, 0),
(1893, 27, 28, 0),
(1894, 28, 24, 0),
(1895, 28, 26, 0),
(1896, 28, 27, 0),
(1897, 28, 28, 0),
(1898, 29, 24, 0),
(1899, 29, 26, 0),
(1900, 29, 27, 0),
(1901, 29, 28, 0),
(1902, 30, 24, 0),
(1903, 30, 26, 0),
(1904, 30, 27, 0),
(1905, 30, 28, 0),
(1906, 31, 24, 0),
(1907, 31, 26, 0),
(1908, 31, 27, 0),
(1909, 31, 28, 0),
(1910, 32, 24, 0),
(1911, 32, 26, 0),
(1912, 32, 27, 0),
(1913, 32, 28, 0),
(1914, 33, 24, 0),
(1915, 33, 26, 0),
(1916, 33, 27, 0),
(1917, 33, 28, 0),
(1918, 34, 24, 0),
(1919, 34, 26, 0),
(1920, 34, 27, 0),
(1921, 34, 28, 0),
(1922, 35, 24, 0),
(1923, 35, 26, 0),
(1924, 35, 27, 0),
(1925, 35, 28, 0),
(1926, 36, 24, 0),
(1927, 36, 26, 0),
(1928, 36, 27, 0),
(1929, 36, 28, 0),
(1930, 37, 24, 0),
(1931, 37, 26, 0),
(1932, 37, 27, 0),
(1933, 37, 28, 0),
(1934, 38, 24, 0),
(1935, 38, 26, 0),
(1936, 38, 27, 0),
(1937, 38, 28, 0),
(1938, 39, 24, 0),
(1939, 39, 26, 0),
(1940, 39, 27, 0),
(1941, 39, 28, 0),
(1942, 40, 24, 0),
(1943, 40, 26, 0),
(1944, 40, 27, 0),
(1945, 40, 28, 0),
(1946, 41, 24, 0),
(1947, 41, 26, 0),
(1948, 41, 27, 0),
(1949, 41, 28, 0),
(1950, 42, 24, 0),
(1951, 42, 26, 0),
(1952, 42, 27, 0),
(1953, 42, 28, 0),
(1954, 43, 24, 0),
(1955, 43, 26, 0),
(1956, 43, 27, 0),
(1957, 43, 28, 0),
(1958, 44, 24, 0),
(1959, 44, 26, 0),
(1960, 44, 27, 0),
(1961, 44, 28, 0),
(1962, 46, 24, 0),
(1963, 46, 26, 0),
(1964, 46, 27, 0),
(1965, 46, 28, 0),
(1966, 47, 24, 0),
(1967, 47, 26, 0),
(1968, 47, 27, 0),
(1969, 47, 28, 0),
(1970, 48, 24, 0),
(1971, 48, 26, 0),
(1972, 48, 27, 0),
(1973, 48, 28, 0),
(1974, 49, 24, 0),
(1975, 49, 26, 0),
(1976, 49, 27, 0),
(1977, 49, 28, 0),
(1978, 50, 24, 0),
(1979, 50, 26, 0),
(1980, 50, 27, 0),
(1981, 50, 28, 0),
(1982, 51, 24, 0),
(1983, 51, 26, 0),
(1984, 51, 27, 0),
(1985, 51, 28, 0),
(1986, 52, 24, 0),
(1987, 52, 26, 0),
(1988, 52, 27, 0),
(1989, 52, 28, 0),
(1990, 4, 24, 50),
(1991, 4, 26, 80),
(1992, 4, 27, 95),
(1993, 4, 28, 60),
(1994, 6, 24, 70),
(1995, 6, 26, 80),
(1996, 6, 27, 80),
(1997, 6, 28, 90),
(1998, 7, 24, 75),
(1999, 7, 26, 70),
(2000, 7, 27, 90),
(2001, 7, 28, 80),
(2002, 8, 24, 75),
(2003, 8, 26, 80),
(2004, 8, 27, 70),
(2005, 8, 28, 75),
(2006, 9, 24, 80),
(2007, 9, 26, 55),
(2008, 9, 27, 75),
(2009, 9, 28, 70),
(2010, 10, 24, 70),
(2011, 10, 26, 70),
(2012, 10, 27, 65),
(2013, 10, 28, 80),
(2014, 11, 24, 80),
(2015, 11, 26, 70),
(2016, 11, 27, 60),
(2017, 11, 28, 70),
(2018, 13, 24, 65),
(2019, 13, 26, 65),
(2020, 13, 27, 90),
(2021, 13, 28, 80),
(2022, 21, 24, 12),
(2023, 21, 26, 5),
(2024, 21, 27, 3),
(2025, 21, 28, 0),
(2026, 22, 24, 0),
(2027, 22, 26, 0),
(2028, 22, 27, 0),
(2029, 22, 28, 0),
(2030, 23, 24, 0),
(2031, 23, 26, 0),
(2032, 23, 27, 0),
(2033, 23, 28, 0),
(2034, 24, 24, 0),
(2035, 24, 26, 0),
(2036, 24, 27, 0),
(2037, 24, 28, 0),
(2038, 25, 24, 0),
(2039, 25, 26, 0),
(2040, 25, 27, 0),
(2041, 25, 28, 0),
(2042, 26, 24, 0),
(2043, 26, 26, 0),
(2044, 26, 27, 0),
(2045, 26, 28, 0),
(2046, 27, 24, 0),
(2047, 27, 26, 0),
(2048, 27, 27, 0),
(2049, 27, 28, 0),
(2050, 28, 24, 0),
(2051, 28, 26, 0),
(2052, 28, 27, 0),
(2053, 28, 28, 0),
(2054, 29, 24, 0),
(2055, 29, 26, 0),
(2056, 29, 27, 0),
(2057, 29, 28, 0),
(2058, 30, 24, 0),
(2059, 30, 26, 0),
(2060, 30, 27, 0),
(2061, 30, 28, 0),
(2062, 31, 24, 0),
(2063, 31, 26, 0),
(2064, 31, 27, 0),
(2065, 31, 28, 0),
(2066, 32, 24, 0),
(2067, 32, 26, 0),
(2068, 32, 27, 0),
(2069, 32, 28, 0),
(2070, 33, 24, 0),
(2071, 33, 26, 0),
(2072, 33, 27, 0),
(2073, 33, 28, 0),
(2074, 34, 24, 0),
(2075, 34, 26, 0),
(2076, 34, 27, 0),
(2077, 34, 28, 0),
(2078, 35, 24, 0),
(2079, 35, 26, 0),
(2080, 35, 27, 0),
(2081, 35, 28, 0),
(2082, 36, 24, 0),
(2083, 36, 26, 0),
(2084, 36, 27, 0),
(2085, 36, 28, 0),
(2086, 37, 24, 0),
(2087, 37, 26, 0),
(2088, 37, 27, 0),
(2089, 37, 28, 0),
(2090, 38, 24, 0),
(2091, 38, 26, 0),
(2092, 38, 27, 0),
(2093, 38, 28, 0),
(2094, 39, 24, 0),
(2095, 39, 26, 0),
(2096, 39, 27, 0),
(2097, 39, 28, 0),
(2098, 40, 24, 0),
(2099, 40, 26, 0),
(2100, 40, 27, 0),
(2101, 40, 28, 0),
(2102, 41, 24, 0),
(2103, 41, 26, 0),
(2104, 41, 27, 0),
(2105, 41, 28, 0),
(2106, 42, 24, 0),
(2107, 42, 26, 0),
(2108, 42, 27, 0),
(2109, 42, 28, 0),
(2110, 4, 24, 68),
(2111, 4, 26, 80),
(2112, 4, 27, 95),
(2113, 4, 28, 60),
(2114, 6, 24, 70),
(2115, 6, 26, 80),
(2116, 6, 27, 80),
(2117, 6, 28, 90),
(2118, 7, 24, 75),
(2119, 7, 26, 70),
(2120, 7, 27, 90),
(2121, 7, 28, 80),
(2122, 8, 24, 75),
(2123, 8, 26, 80),
(2124, 8, 27, 70),
(2125, 8, 28, 75),
(2126, 9, 24, 80),
(2127, 9, 26, 55),
(2128, 9, 27, 75),
(2129, 9, 28, 70),
(2130, 10, 24, 70),
(2131, 10, 26, 70),
(2132, 10, 27, 65),
(2133, 10, 28, 80),
(2134, 11, 24, 80),
(2135, 11, 26, 70),
(2136, 11, 27, 60),
(2137, 11, 28, 70),
(2138, 13, 24, 65),
(2139, 13, 26, 65),
(2140, 13, 27, 90),
(2141, 13, 28, 80),
(2142, 21, 24, 12),
(2143, 21, 26, 5),
(2144, 21, 27, 3),
(2145, 21, 28, 0),
(2146, 22, 24, 0),
(2147, 22, 26, 0),
(2148, 22, 27, 0),
(2149, 22, 28, 0),
(2150, 23, 24, 0),
(2151, 23, 26, 0),
(2152, 23, 27, 0),
(2153, 23, 28, 0),
(2154, 24, 24, 0),
(2155, 24, 26, 0),
(2156, 24, 27, 0),
(2157, 24, 28, 0),
(2158, 25, 24, 0),
(2159, 25, 26, 0),
(2160, 25, 27, 0),
(2161, 25, 28, 0),
(2162, 26, 24, 0),
(2163, 26, 26, 0),
(2164, 26, 27, 0),
(2165, 26, 28, 0),
(2166, 27, 24, 0),
(2167, 27, 26, 0),
(2168, 27, 27, 0),
(2169, 27, 28, 0),
(2170, 28, 24, 0),
(2171, 28, 26, 0),
(2172, 28, 27, 0),
(2173, 28, 28, 0),
(2174, 29, 24, 0),
(2175, 29, 26, 0),
(2176, 29, 27, 0),
(2177, 29, 28, 0),
(2178, 30, 24, 0),
(2179, 30, 26, 0),
(2180, 30, 27, 0),
(2181, 30, 28, 0),
(2182, 31, 24, 0),
(2183, 31, 26, 0),
(2184, 31, 27, 0),
(2185, 31, 28, 0),
(2186, 32, 24, 0),
(2187, 32, 26, 0),
(2188, 32, 27, 0),
(2189, 32, 28, 0),
(2190, 33, 24, 0),
(2191, 33, 26, 0),
(2192, 33, 27, 0),
(2193, 33, 28, 0),
(2194, 34, 24, 0),
(2195, 34, 26, 0),
(2196, 34, 27, 0),
(2197, 34, 28, 0),
(2198, 35, 24, 0),
(2199, 35, 26, 0),
(2200, 35, 27, 0),
(2201, 35, 28, 0),
(2202, 36, 24, 0),
(2203, 36, 26, 0),
(2204, 36, 27, 0),
(2205, 36, 28, 0),
(2206, 37, 24, 0),
(2207, 37, 26, 0),
(2208, 37, 27, 0),
(2209, 37, 28, 0),
(2210, 38, 24, 0),
(2211, 38, 26, 0),
(2212, 38, 27, 0),
(2213, 38, 28, 0),
(2214, 39, 24, 0),
(2215, 39, 26, 0),
(2216, 39, 27, 0),
(2217, 39, 28, 0),
(2218, 40, 24, 0),
(2219, 40, 26, 0),
(2220, 40, 27, 0),
(2221, 40, 28, 0),
(2222, 41, 24, 0),
(2223, 41, 26, 0),
(2224, 41, 27, 0),
(2225, 41, 28, 0),
(2226, 42, 24, 0),
(2227, 42, 26, 0),
(2228, 42, 27, 0),
(2229, 42, 28, 0),
(2230, 43, 24, 0),
(2231, 43, 26, 0),
(2232, 43, 27, 0),
(2233, 43, 28, 0),
(2234, 44, 24, 0),
(2235, 44, 26, 0),
(2236, 44, 27, 0),
(2237, 44, 28, 0),
(2238, 46, 24, 0),
(2239, 46, 26, 0),
(2240, 46, 27, 0),
(2241, 46, 28, 0),
(2242, 47, 24, 0),
(2243, 47, 26, 0),
(2244, 47, 27, 0),
(2245, 47, 28, 0),
(2246, 48, 24, 0),
(2247, 48, 26, 0),
(2248, 48, 27, 0),
(2249, 48, 28, 0),
(2250, 49, 24, 0),
(2251, 49, 26, 0),
(2252, 49, 27, 0),
(2253, 49, 28, 0),
(2254, 50, 24, 0),
(2255, 50, 26, 0),
(2256, 50, 27, 0),
(2257, 50, 28, 0),
(2258, 51, 24, 0),
(2259, 51, 26, 0),
(2260, 51, 27, 0),
(2261, 51, 28, 0),
(2262, 52, 24, 0),
(2263, 52, 26, 0),
(2264, 52, 27, 0),
(2265, 52, 28, 0);

-- --------------------------------------------------------

--
-- Table structure for table `profil_tempat_pkl`
--

CREATE TABLE `profil_tempat_pkl` (
  `id` int(11) NOT NULL,
  `id_tempat_pkl` int(11) NOT NULL,
  `id_kriteria` int(11) NOT NULL,
  `nilai_ideal` float NOT NULL
) ENGINE=InnoDB DEFAULT CHARSET=latin1 COLLATE=latin1_swedish_ci;

-- --------------------------------------------------------

--
-- Table structure for table `siswa`
--

CREATE TABLE `siswa` (
  `id` int(11) NOT NULL,
  `nama` varchar(255) NOT NULL,
  `created_at` datetime DEFAULT current_timestamp(),
  `updated_at` datetime DEFAULT current_timestamp()
) ENGINE=InnoDB DEFAULT CHARSET=utf8mb4 COLLATE=utf8mb4_general_ci;

--
-- Dumping data for table `siswa`
--

INSERT INTO `siswa` (`id`, `nama`, `created_at`, `updated_at`) VALUES
(4, 'Siswa 1', '2025-03-21 10:30:44', '2025-04-12 16:53:31'),
(6, 'Siswa 2', '2025-03-21 10:30:59', '2025-06-23 21:32:35'),
(7, 'Siswa 3', '2025-03-21 10:31:07', '2025-06-23 21:32:40'),
(8, 'Siswa 4', '2025-03-21 10:31:14', '2025-06-23 21:32:46'),
(9, 'Siswa 5', '2025-03-21 10:31:20', '2025-06-23 21:32:51'),
(10, 'Siswa 7', '2025-03-21 10:31:28', '2025-04-12 16:53:31'),
(11, 'Siswa 8', '2025-03-21 10:31:35', '2025-04-12 16:53:31'),
(13, 'Siswa 10', '2025-03-21 10:31:49', '2025-04-14 12:39:58'),
(21, 'Siswa 11', '2025-06-14 23:51:10', '2025-06-14 23:51:10'),
(22, 'Siswa 12', '2025-06-14 23:51:32', '2025-06-14 23:51:32'),
(23, 'Siswa 13', '2025-06-14 23:51:44', '2025-06-14 23:51:44'),
(24, 'Siswa 14', '2025-06-14 23:51:55', '2025-06-14 23:51:55'),
(25, 'Siswa 15', '2025-06-14 23:52:03', '2025-06-14 23:52:03'),
(26, 'Siswa 16', '2025-06-14 23:52:11', '2025-06-14 23:52:11'),
(27, 'Siswa 17', '2025-06-14 23:52:20', '2025-06-14 23:52:20'),
(28, 'Siswa 18', '2025-06-14 23:52:29', '2025-06-14 23:52:29'),
(29, 'Siswa 19', '2025-06-14 23:52:39', '2025-06-14 23:52:39'),
(30, 'Siswa 20', '2025-06-14 23:52:40', '2025-06-14 23:52:48'),
(31, 'Siswa 21', '2025-06-14 23:52:55', '2025-06-14 23:52:55'),
(32, 'Siswa 22', '2025-06-14 23:53:03', '2025-06-14 23:53:03'),
(33, 'Siswa 23', '2025-06-14 23:53:11', '2025-06-14 23:53:11'),
(34, 'Siswa 24', '2025-06-14 23:53:18', '2025-06-14 23:53:18'),
(35, 'Siswa 25', '2025-06-14 23:53:26', '2025-06-14 23:53:26'),
(36, 'Siswa 26', '2025-06-14 23:53:34', '2025-06-14 23:53:34'),
(37, 'Siswa 27', '2025-06-14 23:53:42', '2025-06-14 23:53:42'),
(38, 'Siswa 28', '2025-06-14 23:53:50', '2025-06-14 23:53:50'),
(39, 'Siswa 29', '2025-06-14 23:53:58', '2025-06-14 23:53:58'),
(40, 'Siswa 30', '2025-06-14 23:54:05', '2025-06-14 23:54:05'),
(41, 'Siswa 31', '2025-06-14 23:54:14', '2025-06-14 23:54:14'),
(42, 'Siswa 32', '2025-06-14 23:54:24', '2025-06-14 23:54:24'),
(43, 'Siswa 33', '2025-06-14 23:54:31', '2025-06-14 23:54:31'),
(44, 'Siswa 34', '2025-06-14 23:54:39', '2025-06-14 23:54:39'),
(46, 'Siswa 35', '2025-06-14 23:55:15', '2025-06-14 23:55:15'),
(47, 'Siswa 36', '2025-06-14 23:55:24', '2025-06-14 23:55:24'),
(48, 'Siswa 37', '2025-06-14 23:55:31', '2025-06-14 23:55:31'),
(49, 'Siswa 38', '2025-06-14 23:55:39', '2025-06-14 23:55:39'),
(50, 'Siswa 39', '2025-06-14 23:55:47', '2025-06-14 23:55:47'),
(51, 'Siswa 40', '2025-06-14 23:55:55', '2025-06-14 23:55:55'),
(52, 'Siswa 41', '2025-06-19 12:58:23', '2025-06-19 12:58:23');

-- --------------------------------------------------------

--
-- Table structure for table `tempat_pkl`
--

CREATE TABLE `tempat_pkl` (
  `id` int(11) NOT NULL,
  `nama` varchar(255) NOT NULL,
  `kuota` int(11) NOT NULL,
  `terisi` int(11) NOT NULL,
  `created_at` datetime DEFAULT current_timestamp(),
  `updated_at` datetime DEFAULT current_timestamp(),
  `profil` longtext NOT NULL DEFAULT '""'
) ENGINE=InnoDB DEFAULT CHARSET=utf8mb4 COLLATE=utf8mb4_general_ci;

--
-- Dumping data for table `tempat_pkl`
--

INSERT INTO `tempat_pkl` (`id`, `nama`, `kuota`, `terisi`, `created_at`, `updated_at`, `profil`) VALUES
(1, 'Saung IT Bumiayu', 4, 0, '2025-03-21 10:35:05', '2025-06-23 06:56:44', '{\"C1\":75,\"C2\":85,\"C3\":60,\"C4\":70,\"C5\":80}'),
(2, 'Bumiayu Computer', 0, 0, '2025-03-21 10:35:21', '2025-06-24 07:31:44', '{\"C1\":70,\"C2\":75,\"C3\":60,\"C4\":80,\"C5\":70}'),
(3, 'ASA Printer', 4, 0, '2025-03-21 10:35:35', '2025-06-14 23:49:07', '{\"C1\":75,\"C2\":85,\"C3\":60,\"C4\":60,\"C5\":80}'),
(4, 'LKP Bina Insan', 0, 0, '2025-04-12 16:46:35', '2025-06-23 08:24:39', '{\"C1\":75,\"C3\":60,\"C4\":77,\"C5\":60}'),
(7, 'FIX Computer', 0, 0, '2025-04-12 16:47:43', '2025-06-19 13:01:20', '{\"C1\":78,\"C2\":85,\"C3\":60,\"C4\":79,\"C5\":80}'),
(10, 'Kalifa Computer', 4, 0, '2025-04-12 16:48:46', '2025-06-14 23:48:27', '{\"C1\":76,\"C2\":85,\"C3\":60,\"C4\":74,\"C5\":80}');

--
-- Indexes for dumped tables
--

--
-- Indexes for table `kriteria`
--
ALTER TABLE `kriteria`
  ADD PRIMARY KEY (`id`);

--
-- Indexes for table `nilai_kriteria`
--
ALTER TABLE `nilai_kriteria`
  ADD PRIMARY KEY (`id`);

--
-- Indexes for table `profil_tempat_pkl`
--
ALTER TABLE `profil_tempat_pkl`
  ADD PRIMARY KEY (`id`),
  ADD KEY `id_tempat_pkl` (`id_tempat_pkl`),
  ADD KEY `id_kriteria` (`id_kriteria`);

--
-- Indexes for table `siswa`
--
ALTER TABLE `siswa`
  ADD PRIMARY KEY (`id`);

--
-- Indexes for table `tempat_pkl`
--
ALTER TABLE `tempat_pkl`
  ADD PRIMARY KEY (`id`);

--
-- AUTO_INCREMENT for dumped tables
--

--
-- AUTO_INCREMENT for table `kriteria`
--
ALTER TABLE `kriteria`
  MODIFY `id` int(11) NOT NULL AUTO_INCREMENT, AUTO_INCREMENT=30;

--
-- AUTO_INCREMENT for table `nilai_kriteria`
--
ALTER TABLE `nilai_kriteria`
  MODIFY `id` int(11) NOT NULL AUTO_INCREMENT, AUTO_INCREMENT=2266;

--
-- AUTO_INCREMENT for table `profil_tempat_pkl`
--
ALTER TABLE `profil_tempat_pkl`
  MODIFY `id` int(11) NOT NULL AUTO_INCREMENT;

--
-- AUTO_INCREMENT for table `siswa`
--
ALTER TABLE `siswa`
  MODIFY `id` int(11) NOT NULL AUTO_INCREMENT, AUTO_INCREMENT=54;

--
-- AUTO_INCREMENT for table `tempat_pkl`
--
ALTER TABLE `tempat_pkl`
  MODIFY `id` int(11) NOT NULL AUTO_INCREMENT, AUTO_INCREMENT=15;

--
-- Constraints for dumped tables
--

--
-- Constraints for table `profil_tempat_pkl`
--
ALTER TABLE `profil_tempat_pkl`
  ADD CONSTRAINT `profil_tempat_pkl_ibfk_1` FOREIGN KEY (`id_tempat_pkl`) REFERENCES `tempat_pkl` (`id`) ON DELETE CASCADE,
  ADD CONSTRAINT `profil_tempat_pkl_ibfk_2` FOREIGN KEY (`id_kriteria`) REFERENCES `kriteria` (`id`) ON DELETE CASCADE;
COMMIT;

/*!40101 SET CHARACTER_SET_CLIENT=@OLD_CHARACTER_SET_CLIENT */;
/*!40101 SET CHARACTER_SET_RESULTS=@OLD_CHARACTER_SET_RESULTS */;
/*!40101 SET COLLATION_CONNECTION=@OLD_COLLATION_CONNECTION */;
